City_ID,City,Country,Date,Lat,Lng,Max Temp,Humidity,Cloudiness,Wind Speed,Current Description
0,Yellowknife,CA,2022-04-09 18:33:18,62.456,-114.3525,25.41,68,20,20.71,few clouds
1,Willmar,US,2022-04-09 18:31:55,45.1219,-95.0433,50.02,44,0,5.75,clear sky
2,Ushuaia,AR,2022-04-09 18:33:19,-54.8,-68.3,51.42,57,20,0.0,few clouds
3,Amalapuram,IN,2022-04-09 18:33:20,16.5833,82.0167,79.93,85,87,3.02,overcast clouds
4,Mataura,NZ,2022-04-09 18:33:20,-46.1927,168.8643,42.44,98,69,2.53,broken clouds
5,Hobart,AU,2022-04-09 18:28:29,-42.8794,147.3294,63.27,82,14,9.22,few clouds
6,Albany,US,2022-04-09 18:33:21,42.6001,-73.9662,46.81,80,100,3.0,overcast clouds
7,Ornskoldsvik,SE,2022-04-09 18:33:22,63.2909,18.7153,31.15,100,94,6.91,overcast clouds
8,Saskylakh,RU,2022-04-09 18:33:23,71.9167,114.0833,-16.87,98,26,1.97,scattered clouds
9,Virden,US,2022-04-09 18:30:48,39.5009,-89.7679,53.67,47,6,13.15,clear sky
10,Rikitea,PF,2022-04-09 18:33:24,-23.1203,-134.9692,79.07,73,6,18.34,clear sky
11,Namatanai,PG,2022-04-09 18:33:24,-3.6667,152.4333,78.4,80,100,2.19,overcast clouds
12,Castro,BR,2022-04-09 18:33:25,-24.7911,-50.0119,77.41,61,82,6.38,broken clouds
13,Codrington,AU,2022-04-09 18:33:25,-38.2667,141.9667,63.25,76,100,12.46,overcast clouds
14,Pushkinskiye Gory,RU,2022-04-09 18:33:25,57.0209,28.9103,37.49,89,96,6.73,overcast clouds
15,Severo-Yeniseyskiy,RU,2022-04-09 18:33:26,60.3725,93.0408,17.76,96,97,1.21,overcast clouds
16,Lorengau,PG,2022-04-09 18:33:26,-2.0226,147.2712,79.92,82,100,6.13,overcast clouds
17,Bredasdorp,ZA,2022-04-09 18:33:27,-34.5322,20.0403,61.93,84,21,18.72,few clouds
18,Hilo,US,2022-04-09 18:33:27,19.7297,-155.09,74.25,84,75,3.0,broken clouds
19,Punta Arenas,CL,2022-04-09 18:33:28,-53.15,-70.9167,51.91,66,75,10.36,broken clouds
20,Tuktoyaktuk,CA,2022-04-09 18:33:28,69.4541,-133.0374,5.0,85,100,25.32,light snow
21,Port Alfred,ZA,2022-04-09 18:33:29,-33.5906,26.891,61.18,94,100,1.99,overcast clouds
22,Fortuna,US,2022-04-09 18:33:17,40.5982,-124.1573,54.93,59,0,24.16,clear sky
23,Airai,TL,2022-04-09 18:33:30,-8.9266,125.4092,58.96,68,100,2.04,overcast clouds
24,Kapaa,US,2022-04-09 18:33:31,22.0752,-159.319,77.18,80,100,11.5,overcast clouds
25,Cape Town,ZA,2022-04-09 18:32:35,-33.9258,18.4232,67.26,66,0,16.11,clear sky
26,Vaini,TO,2022-04-09 18:33:31,-21.2,-175.2,77.16,88,75,10.36,broken clouds
27,Tarquinia,IT,2022-04-09 18:33:32,42.2482,11.7553,53.58,86,0,7.83,clear sky
28,Arraial Do Cabo,BR,2022-04-09 18:33:33,-22.9661,-42.0278,84.16,78,0,12.66,clear sky
29,Alta Floresta,BR,2022-04-09 18:33:34,-9.8756,-56.0861,93.02,55,40,3.44,scattered clouds
30,Port Blair,IN,2022-04-09 18:33:34,11.6667,92.75,78.84,89,20,3.44,mist
31,Rincon,US,2022-04-09 18:33:23,32.296,-81.2354,57.16,40,100,21.85,overcast clouds
32,Dikson,RU,2022-04-09 18:33:36,73.5069,80.5464,2.88,98,96,3.71,overcast clouds
33,Saint George,US,2022-04-09 18:32:32,37.1041,-113.5841,80.64,13,0,3.44,clear sky
34,Palmer,US,2022-04-09 18:33:37,42.1584,-72.3287,52.65,72,100,16.11,overcast clouds
35,Tiznit,MA,2022-04-09 18:33:39,29.5833,-9.5,73.58,30,0,3.91,clear sky
36,Katsuura,JP,2022-04-09 18:33:41,35.1333,140.3,59.97,85,0,11.52,clear sky
37,Khatanga,RU,2022-04-09 18:33:43,71.9667,102.5,-5.24,100,87,4.81,overcast clouds
38,Verrettes,HT,2022-04-09 18:33:45,19.05,-72.4667,84.67,59,100,8.52,overcast clouds
39,Shieli,KZ,2022-04-09 18:33:46,44.1667,66.75,65.91,54,100,8.16,overcast clouds
40,Valparaiso,CL,2022-04-09 18:30:23,-33.0393,-71.6273,65.84,69,0,11.5,clear sky
41,Ostrovnoy,RU,2022-04-09 18:33:48,68.0531,39.5131,35.89,78,100,24.45,overcast clouds
42,Neiafu,TO,2022-04-09 18:33:49,-18.65,-173.9833,75.88,94,20,0.0,few clouds
43,Hithadhoo,MV,2022-04-09 18:33:52,-0.6,73.0833,83.53,72,75,8.3,broken clouds
44,Barrow,US,2022-04-09 18:33:53,71.2906,-156.7887,-20.18,69,0,8.05,clear sky
45,Jamestown,US,2022-04-09 18:32:23,42.097,-79.2353,42.39,53,75,8.05,broken clouds
46,Bongandanga,CD,2022-04-09 18:33:54,1.5,21.05,77.13,64,100,3.33,overcast clouds
47,Chokurdakh,RU,2022-04-09 18:34:54,70.6333,147.9167,-16.69,100,100,5.86,overcast clouds
48,The Valley,AI,2022-04-09 18:34:55,18.217,-63.0578,84.06,65,20,18.41,few clouds
49,Victoria,HK,2022-04-09 18:32:00,22.2855,114.1577,72.95,76,0,1.01,clear sky
50,Mahibadhoo,MV,2022-04-09 18:34:55,3.7833,72.9667,84.11,72,99,10.2,overcast clouds
51,Bambous Virieux,MU,2022-04-09 18:34:56,-20.3428,57.7575,79.05,83,75,8.05,broken clouds
52,Hermanus,ZA,2022-04-09 18:34:57,-34.4187,19.2345,62.8,81,0,21.83,clear sky
53,Bethanien,NA,2022-04-09 18:34:57,-26.502,17.1583,72.12,39,5,2.68,clear sky
54,Tevaitoa,PF,2022-04-09 18:34:58,-16.7833,-151.5,82.4,75,100,22.03,overcast clouds
55,Floro,NO,2022-04-09 18:34:58,61.5996,5.0328,40.23,75,75,32.21,broken clouds
56,Vestmannaeyjar,IS,2022-04-09 18:34:58,63.4427,-20.2734,38.39,75,75,31.07,broken clouds
57,Kudinovo,RU,2022-04-09 18:34:59,54.9994,36.2533,44.51,91,100,13.76,overcast clouds
58,Ahipara,NZ,2022-04-09 18:34:59,-35.1667,173.1667,61.2,79,100,5.06,overcast clouds
59,Saint-Philippe,RE,2022-04-09 18:35:00,-21.3585,55.7679,78.39,83,43,11.03,light rain
60,Tutoia,BR,2022-04-09 18:35:00,-2.7619,-42.2744,80.28,88,100,7.7,overcast clouds
61,Kavaratti,IN,2022-04-09 18:35:01,10.5669,72.642,83.34,76,66,8.1,broken clouds
62,Severo-Kurilsk,RU,2022-04-09 18:35:01,50.6789,156.125,24.42,74,100,3.22,overcast clouds
63,Bluff,NZ,2022-04-09 18:35:02,-46.6,168.3333,56.32,77,92,21.52,overcast clouds
64,Aklavik,CA,2022-04-09 18:35:02,68.2191,-135.0107,6.8,61,75,18.41,broken clouds
65,Port-De-Bouc,FR,2022-04-09 18:35:03,43.4,4.9833,57.22,33,0,26.46,clear sky
66,Te Anau,NZ,2022-04-09 18:35:03,-45.4167,167.7167,42.48,91,39,0.74,scattered clouds
67,Bengkulu,ID,2022-04-09 18:35:04,-3.8004,102.2655,77.04,85,100,2.98,overcast clouds
68,Busselton,AU,2022-04-09 18:35:04,-33.65,115.3333,60.6,62,100,8.52,overcast clouds
69,Homer,US,2022-04-09 18:35:05,59.6425,-151.5483,33.69,54,0,8.99,clear sky
70,East London,ZA,2022-04-09 18:35:05,-33.0153,27.9116,63.54,94,100,5.75,light rain
71,Mar Del Plata,AR,2022-04-09 18:35:05,-38.0023,-57.5575,68.02,93,75,15.01,broken clouds
72,Najran,SA,2022-04-09 18:35:06,17.4924,44.1277,79.45,17,0,3.24,clear sky
73,Boromo,BF,2022-04-09 18:35:07,11.75,-2.9333,102.81,16,100,4.41,overcast clouds
74,Dingle,PH,2022-04-09 18:35:07,10.9995,122.6711,74.89,91,100,3.42,light rain
75,Hambantota,LK,2022-04-09 18:35:08,6.1241,81.1185,75.54,100,75,3.44,broken clouds
76,Tres Arroyos,AR,2022-04-09 18:35:08,-38.3739,-60.2798,78.42,38,15,8.9,few clouds
77,Norman Wells,CA,2022-04-09 18:35:09,65.282,-126.8329,10.44,72,75,23.02,broken clouds
78,Kaitangata,NZ,2022-04-09 18:35:09,-46.2817,169.8464,50.88,82,69,9.82,broken clouds
79,Puerto Ayora,EC,2022-04-09 18:31:15,-0.7393,-90.3518,84.16,72,77,7.47,light rain
80,Bosaso,SO,2022-04-09 18:35:10,11.2842,49.1816,80.8,79,100,1.52,overcast clouds
81,Karratha,AU,2022-04-09 18:35:10,-20.7377,116.8463,81.84,47,3,11.41,clear sky
82,Canakkale,TR,2022-04-09 18:31:55,40.0833,26.8333,54.18,85,0,5.68,clear sky
83,Superior,US,2022-04-09 18:35:00,46.7208,-92.1041,49.86,27,0,8.05,clear sky
84,Iquique,CL,2022-04-09 18:32:08,-20.2208,-70.1431,69.94,67,16,8.52,few clouds
85,Leninogorsk,RU,2022-04-09 18:35:11,54.6026,52.4609,40.59,92,100,11.14,overcast clouds
86,Ribeira Grande,PT,2022-04-09 18:35:12,38.5167,-28.7,57.6,72,20,31.07,few clouds
87,Georgetown,MY,2022-04-09 18:35:12,5.4112,100.3354,80.53,89,20,0.0,few clouds
88,Moyale,KE,2022-04-09 18:35:12,3.5167,39.0584,74.08,53,47,5.41,scattered clouds
89,Verkhoturye,RU,2022-04-09 18:35:13,58.8627,60.8054,34.05,99,100,3.8,overcast clouds
90,Esperance,AU,2022-04-09 18:35:13,-33.8667,121.9,55.24,63,47,6.33,scattered clouds
91,Areosa,PT,2022-04-09 18:35:14,41.7178,-8.8571,56.34,91,1,7.76,clear sky
92,Abbeville,FR,2022-04-09 18:32:06,50.1,1.8333,48.16,79,1,6.69,clear sky
93,Provideniya,RU,2022-04-09 18:35:14,64.3833,-173.3,32.58,98,100,13.91,snow
94,El Reno,US,2022-04-09 18:36:16,35.5323,-97.955,76.05,18,0,25.32,clear sky
95,Avarua,CK,2022-04-09 18:36:16,-21.2078,-159.775,82.45,78,20,12.66,few clouds
96,Vila Do Maio,CV,2022-04-09 18:36:17,15.1333,-23.2167,81.39,82,14,16.73,few clouds
97,Ahmadpur East,PK,2022-04-09 18:36:19,29.1431,71.2598,90.68,10,1,8.57,clear sky
98,Hofn,IS,2022-04-09 18:36:23,64.2539,-15.2082,33.08,51,12,3.18,few clouds
99,New Norfolk,AU,2022-04-09 18:36:24,-42.7826,147.0587,62.92,71,58,1.01,broken clouds
100,Misawa,JP,2022-04-09 18:36:24,40.6836,141.3597,43.61,81,0,5.53,clear sky
101,Babu,CN,2022-04-09 18:36:25,24.4167,111.5167,67.91,62,6,2.04,clear sky
102,Vardo,NO,2022-04-09 18:36:25,70.3705,31.1107,35.37,98,100,29.39,overcast clouds
103,Cherskiy,RU,2022-04-09 18:36:26,68.75,161.3,-23.12,100,97,2.21,overcast clouds
104,Marsa Matruh,EG,2022-04-09 18:36:26,31.3525,27.2453,61.0,82,0,5.75,clear sky
105,Kankan,GN,2022-04-09 18:36:27,10.3854,-9.3057,96.19,21,95,2.44,overcast clouds
106,Lieksa,FI,2022-04-09 18:36:27,63.3167,30.0167,32.63,80,72,13.13,broken clouds
107,Salalah,OM,2022-04-09 18:36:28,17.0151,54.0924,82.49,83,0,2.3,clear sky
108,Paamiut,GL,2022-04-09 18:36:28,61.994,-49.6678,30.0,66,8,8.48,clear sky
109,Talnakh,RU,2022-04-09 18:36:29,69.4865,88.3972,-5.8,99,100,2.84,overcast clouds
110,Klaksvik,FO,2022-04-09 18:36:29,62.2266,-6.589,34.72,64,100,12.37,overcast clouds
111,Thompson,CA,2022-04-09 18:36:29,55.7435,-97.8558,41.16,36,100,11.5,overcast clouds
112,Lasa,IT,2022-04-09 18:36:30,46.6166,10.7002,41.88,87,56,7.78,broken clouds
113,Kudahuvadhoo,MV,2022-04-09 18:36:31,2.6708,72.8944,84.51,65,99,10.09,overcast clouds
114,Vostok,RU,2022-04-09 18:36:31,46.4856,135.8833,23.58,96,71,4.59,broken clouds
115,Vila Franca Do Campo,PT,2022-04-09 18:36:32,37.7167,-25.4333,54.01,81,100,23.24,overcast clouds
116,Ushtobe,KZ,2022-04-09 18:36:32,45.2514,77.9838,53.4,42,100,19.19,overcast clouds
117,Roquetas De Mar,ES,2022-04-09 18:36:33,36.7642,-2.6148,66.61,67,99,1.03,overcast clouds
118,Khandyga,RU,2022-04-09 18:36:33,62.6667,135.6,21.99,97,100,3.31,light snow
119,Bontang,ID,2022-04-09 18:36:34,0.1333,117.5,77.02,90,100,7.65,overcast clouds
120,Riyadh,SA,2022-04-09 18:34:50,24.6877,46.7219,86.14,9,46,9.1,scattered clouds
121,San Rafael,AR,2022-04-09 18:33:27,-34.6177,-68.3301,84.18,31,0,12.41,clear sky
122,Hasaki,JP,2022-04-09 18:36:35,35.7333,140.8333,50.4,86,0,7.58,clear sky
123,Butaritari,KI,2022-04-09 18:36:35,3.0707,172.7902,80.1,80,100,13.51,moderate rain
124,Nishihara,JP,2022-04-09 18:36:36,26.1842,127.7558,71.65,89,100,9.22,overcast clouds
125,Lebu,CL,2022-04-09 18:36:37,-37.6167,-73.65,54.64,84,100,5.1,overcast clouds
126,Solnechnyy,RU,2022-04-09 18:36:37,50.7214,136.6319,19.98,98,75,4.36,broken clouds
127,Marystown,CA,2022-04-09 18:36:37,47.1666,-55.1483,35.85,100,100,8.99,overcast clouds
128,Praia,CV,2022-04-09 18:36:38,14.9215,-23.5087,81.14,54,0,18.41,clear sky
129,Atuona,PF,2022-04-09 18:36:38,-9.8,-139.0333,79.54,78,18,22.41,few clouds
130,Cidreira,BR,2022-04-09 18:36:39,-30.1811,-50.2056,71.53,83,88,7.99,overcast clouds
131,Clyde River,CA,2022-04-09 18:36:39,70.4692,-68.5914,3.43,85,75,5.75,light snow
132,Christchurch,NZ,2022-04-09 18:36:40,-43.5333,172.6333,51.01,94,100,8.05,fog
133,Aksha,RU,2022-04-09 18:36:40,50.2814,113.2867,33.94,75,100,18.81,overcast clouds
134,Jumla,NP,2022-04-09 18:36:42,29.2747,82.1838,47.71,61,1,4.16,clear sky
135,Srednekolymsk,RU,2022-04-09 18:36:43,67.45,153.6833,-8.82,99,100,4.27,overcast clouds
136,Songea,TZ,2022-04-09 18:36:43,-10.6833,35.65,62.8,97,10,2.51,light rain
137,Sao Filipe,CV,2022-04-09 18:37:46,14.8961,-24.4956,75.72,66,59,14.81,broken clouds
138,Olinda,BR,2022-04-09 18:37:47,-8.0089,-34.8553,83.93,79,40,13.8,scattered clouds
139,Havre-Saint-Pierre,CA,2022-04-09 18:37:47,50.2334,-63.5986,37.76,87,100,5.75,overcast clouds
140,Guarapari,BR,2022-04-09 18:37:47,-20.6667,-40.4975,81.03,75,100,7.14,overcast clouds
141,Chuy,UY,2022-04-09 18:37:48,-33.6971,-53.4616,75.43,58,43,10.07,scattered clouds
142,Miri,MY,2022-04-09 18:37:49,4.4148,114.0089,75.34,94,40,4.61,scattered clouds
143,Beirut,LB,2022-04-09 18:37:49,33.8889,35.4944,65.37,82,75,5.75,broken clouds
144,Longyearbyen,SJ,2022-04-09 18:37:49,78.2186,15.6401,22.84,63,20,10.36,few clouds
145,Meulaboh,ID,2022-04-09 18:37:50,4.1363,96.1285,78.22,85,97,2.1,light rain
146,Shush,IR,2022-04-09 18:37:50,32.1942,48.2436,77.13,22,0,17.94,clear sky
147,Carnarvon,AU,2022-04-09 18:37:51,-24.8667,113.6333,69.87,68,2,14.97,clear sky
148,Boa Vista,BR,2022-04-09 18:34:49,2.8197,-60.6733,89.58,51,40,4.61,scattered clouds
149,Terney,RU,2022-04-09 18:37:51,45.0503,136.6092,33.89,92,99,4.97,overcast clouds
150,Kamenka,RU,2022-04-09 18:37:52,51.3223,42.7678,47.52,87,100,2.86,overcast clouds
151,Qaanaaq,GL,2022-04-09 18:36:32,77.484,-69.3632,0.12,73,81,3.47,broken clouds
152,Arroio Grande,BR,2022-04-09 18:36:24,-32.2375,-53.0869,79.43,49,55,11.36,broken clouds
153,Bethel,US,2022-04-09 18:37:53,41.3712,-73.414,54.68,78,100,9.22,overcast clouds
154,Isangel,VU,2022-04-09 18:37:47,-19.55,169.2667,80.24,83,18,9.31,few clouds
155,Prescott,US,2022-04-09 18:37:53,34.54,-112.4685,76.89,10,0,13.8,clear sky
156,Broome,US,2022-04-09 18:37:54,42.2506,-75.833,48.2,74,75,18.41,light rain
157,Goba,ET,2022-04-09 18:37:54,7.0167,39.9833,53.42,80,96,2.75,light rain
158,Khandagayty,RU,2022-04-09 18:37:54,50.7333,92.05,27.57,51,15,13.2,few clouds
159,Jalapa,MX,2022-04-09 18:34:56,19.5333,-96.9167,71.73,34,3,7.99,clear sky
160,Ascension,US,2022-04-09 18:37:55,30.2169,-90.9001,73.02,28,0,8.05,clear sky
161,Knysna,ZA,2022-04-09 18:37:55,-34.0363,23.0471,61.11,87,1,10.94,clear sky
162,Port Hardy,CA,2022-04-09 18:37:28,50.6996,-127.4199,42.98,65,75,9.22,broken clouds
163,Buraydah,SA,2022-04-09 18:37:56,26.326,43.975,84.65,13,0,11.97,clear sky
164,Sao Joao Da Barra,BR,2022-04-09 18:37:57,-21.6403,-41.0511,89.69,80,71,13.96,broken clouds
165,Upernavik,GL,2022-04-09 18:37:52,72.7868,-56.1549,3.76,90,80,6.55,broken clouds
166,Pangnirtung,CA,2022-04-09 18:37:57,66.1451,-65.7125,12.2,79,100,9.22,light snow
167,Tazovskiy,RU,2022-04-09 18:37:58,67.4667,78.7,-10.8,100,98,7.54,overcast clouds
168,Luderitz,NA,2022-04-09 18:37:58,-26.6481,15.1594,64.0,64,0,4.59,clear sky
169,Havre,FR,2022-04-09 18:37:59,49.5833,0.3333,45.0,65,100,6.91,overcast clouds
170,Ilulissat,GL,2022-04-09 18:37:59,69.2167,-51.1,17.62,57,75,0.0,broken clouds
171,Laguna,US,2022-04-09 18:38:00,38.421,-121.4238,72.14,23,0,20.71,clear sky
172,Qaqortoq,GL,2022-04-09 18:38:00,60.7167,-46.0333,32.76,63,2,3.2,clear sky
173,Bansang,GM,2022-04-09 18:38:00,13.4333,-14.65,99.43,10,5,2.44,clear sky
174,Okhotsk,RU,2022-04-09 18:38:01,59.3833,143.3,12.27,98,69,1.9,broken clouds
175,Saldanha,ZA,2022-04-09 18:38:01,-33.0117,17.9442,69.85,54,0,12.37,clear sky
176,Tasiilaq,GL,2022-04-09 18:38:02,65.6145,-37.6368,30.36,86,89,1.52,overcast clouds
177,Meru,KE,2022-04-09 18:38:02,0.0463,37.6559,65.75,75,78,3.83,broken clouds
178,Nemuro,JP,2022-04-09 18:38:03,43.3236,145.575,39.15,86,4,8.25,clear sky
179,Ancud,CL,2022-04-09 18:38:04,-41.8697,-73.8203,54.23,81,100,8.01,light rain
180,Marianske Lazne,CZ,2022-04-09 18:38:04,49.9646,12.7012,36.14,87,86,8.86,overcast clouds
181,Kalianget,ID,2022-04-09 18:39:04,-7.05,113.9333,80.17,76,100,0.92,overcast clouds
182,La Trinitaria,MX,2022-04-09 18:39:05,16.1167,-92.05,66.06,61,68,10.02,broken clouds
183,Bratsk,RU,2022-04-09 18:39:06,56.1325,101.6142,30.69,94,100,9.98,overcast clouds
184,Saint-Joseph,RE,2022-04-09 18:39:09,-21.3667,55.6167,77.38,82,23,11.95,light rain
185,Sarangani,PH,2022-04-09 18:39:13,5.4033,125.4636,82.38,82,100,21.68,overcast clouds
186,Daru,PG,2022-04-09 18:39:14,-9.0763,143.2092,74.48,91,100,0.89,overcast clouds
187,Presidencia Roque Saenz Pena,AR,2022-04-09 18:39:14,-26.7852,-60.4388,78.87,71,100,4.74,overcast clouds
188,Torbay,CA,2022-04-09 18:39:15,47.6666,-52.7314,37.27,88,100,29.93,overcast clouds
189,Alyangula,AU,2022-04-09 18:39:15,-13.8483,136.4192,71.47,94,59,0.0,broken clouds
190,Parainen,FI,2022-04-09 18:39:16,60.3067,22.301,33.42,97,100,17.74,light snow
191,Cururupu,BR,2022-04-09 18:39:17,-1.8283,-44.8683,77.14,90,100,5.41,light rain
192,Montceau-Les-Mines,FR,2022-04-09 18:39:18,46.6667,4.3667,43.72,85,10,2.15,clear sky
193,Kayes,ML,2022-04-09 18:39:19,14.0,-11.0,102.29,7,6,7.23,clear sky
194,Guiratinga,BR,2022-04-09 18:39:20,-16.3494,-53.7583,79.09,72,100,3.85,overcast clouds
195,Kaputa,ZM,2022-04-09 18:39:21,-8.4689,29.6619,70.75,82,86,3.62,overcast clouds
196,Derzhavinsk,KZ,2022-04-09 18:39:21,51.1,66.3167,38.82,74,100,13.71,overcast clouds
197,Ust-Ilimsk,RU,2022-04-09 18:39:21,58.0006,102.6619,23.79,97,100,1.81,overcast clouds
198,Nikolskoye,RU,2022-04-09 18:38:44,59.7035,30.7861,40.78,93,100,8.63,overcast clouds
199,Flinders,AU,2022-04-09 18:39:22,-34.5833,150.8552,62.38,93,21,5.99,few clouds
200,Preobrazheniye,RU,2022-04-09 18:39:23,42.9019,133.9064,45.77,71,100,9.19,overcast clouds
201,Pinega,RU,2022-04-09 18:39:23,64.7001,43.3936,33.21,97,100,5.28,overcast clouds
202,Chapais,CA,2022-04-09 18:39:24,49.7834,-74.8492,37.18,98,100,5.23,overcast clouds
203,Biltine,TD,2022-04-09 18:39:25,14.5333,20.9167,91.99,11,0,1.92,clear sky
204,Kodiak,US,2022-04-09 18:39:25,57.79,-152.4072,33.31,37,0,13.8,clear sky
205,Alcacer Do Sal,PT,2022-04-09 18:39:26,38.3733,-8.5144,56.91,92,100,5.17,overcast clouds
206,Souillac,MU,2022-04-09 18:39:27,-20.5167,57.5167,79.18,83,75,8.05,broken clouds
207,Kholmogory,RU,2022-04-09 18:39:28,64.2229,41.656,34.11,93,100,6.42,overcast clouds
208,Toamasina,MG,2022-04-09 18:39:28,-18.1667,49.3833,74.52,84,21,9.46,light rain
209,Geraldton,AU,2022-04-09 18:39:29,-28.7667,114.6,63.01,67,100,9.22,overcast clouds
210,Sirsa,IN,2022-04-09 18:39:29,29.5333,75.0167,86.14,9,0,6.64,clear sky
211,Gaillac,FR,2022-04-09 18:36:02,43.9016,1.8969,54.55,66,5,5.19,clear sky
212,Natchitoches,US,2022-04-09 18:39:30,31.7668,-93.1335,72.45,30,0,9.22,clear sky
213,Warrnambool,AU,2022-04-09 18:39:30,-38.3833,142.4833,62.82,80,100,11.86,overcast clouds
214,Padang,ID,2022-04-09 18:39:31,-0.9492,100.3543,77.83,79,98,3.51,overcast clouds
215,Port Elizabeth,ZA,2022-04-09 18:34:40,-33.918,25.5701,64.69,91,100,12.66,overcast clouds
216,Fallon,US,2022-04-09 18:39:32,39.4735,-118.7774,52.92,25,40,12.66,dust
217,Yazman,PK,2022-04-09 18:39:32,29.1212,71.7446,89.83,10,0,10.85,clear sky
218,Usta Muhammad,PK,2022-04-09 18:39:33,28.1794,68.0445,90.55,7,9,6.76,clear sky
219,San Antonio,US,2022-04-09 18:38:24,29.4241,-98.4936,86.52,25,0,14.97,clear sky
220,Vila,PT,2022-04-09 18:39:33,42.0304,-8.1588,54.48,88,3,5.37,clear sky
221,Lompoc,US,2022-04-09 18:39:34,34.6391,-120.4579,69.85,66,0,14.97,haze
222,Partapur,IN,2022-04-09 18:39:34,23.6,74.1667,90.59,11,0,11.77,clear sky
223,Kieta,PG,2022-04-09 18:39:34,-6.2167,155.6333,78.08,81,22,1.23,few clouds
224,Tura,IN,2022-04-09 18:39:35,25.5198,90.2201,69.87,89,0,4.03,clear sky
225,Omboue,GA,2022-04-09 18:39:36,-1.5746,9.2618,74.16,87,100,1.21,overcast clouds
226,Srandakan,ID,2022-04-09 18:39:37,-7.9386,110.2506,76.05,86,100,3.33,overcast clouds
227,Mishkino,RU,2022-04-09 18:40:37,55.3389,63.9175,36.86,89,94,8.23,overcast clouds
228,Krasnogorsk,RU,2022-04-09 18:40:38,55.8225,37.3181,48.45,66,100,13.42,overcast clouds
229,Chemal,RU,2022-04-09 18:40:39,51.4111,86.005,28.63,97,87,1.1,overcast clouds
230,Coquimbo,CL,2022-04-09 18:36:33,-29.9533,-71.3436,64.35,71,0,8.66,clear sky
231,Lao Cai,VN,2022-04-09 18:40:41,22.4833,103.95,68.97,76,0,1.25,clear sky
232,La Rioja,ES,2022-04-09 18:40:32,42.25,-2.5,51.58,79,21,2.13,few clouds
233,Ramgarh,IN,2022-04-09 18:40:42,23.6333,85.5167,82.45,17,0,3.15,clear sky
234,Botro,CI,2022-04-09 18:40:43,7.8525,-5.3106,80.08,72,99,9.73,light rain
235,Emerald,AU,2022-04-09 18:40:43,-23.5333,148.1667,71.74,83,52,9.22,broken clouds
236,Russell,US,2022-04-09 18:40:44,32.3502,-85.1999,60.08,36,20,17.27,few clouds
237,Gamba,GA,2022-04-09 18:40:44,-2.65,10.0,73.15,87,51,4.94,broken clouds
238,Aguimes,ES,2022-04-09 18:40:45,27.9054,-15.4461,65.03,64,20,19.57,few clouds
239,Balkanabat,TM,2022-04-09 18:40:45,39.5108,54.3671,73.47,34,100,4.45,overcast clouds
240,Varhaug,NO,2022-04-09 18:40:46,58.6147,5.6457,38.86,79,33,27.96,scattered clouds
241,Korla,CN,2022-04-09 18:40:46,41.7597,86.1469,66.36,29,100,11.74,overcast clouds
242,Haines Junction,CA,2022-04-09 18:40:47,60.7522,-137.5108,24.75,63,100,10.36,overcast clouds
243,Bukama,CD,2022-04-09 18:40:47,-9.2,25.85,71.87,91,41,1.34,scattered clouds
244,Aksay,RU,2022-04-09 18:40:48,47.26,39.87,57.25,51,100,11.01,overcast clouds
245,Lungi,SL,2022-04-09 18:40:49,9.2212,-12.6831,86.23,53,60,12.84,broken clouds
246,Luganville,VU,2022-04-09 18:40:50,-15.5333,167.1667,78.82,82,26,4.07,scattered clouds
247,Hamilton,US,2022-04-09 18:36:05,39.1834,-84.5333,41.88,71,100,13.8,overcast clouds
248,Tuatapere,NZ,2022-04-09 18:38:24,-46.1333,167.6833,45.21,89,96,4.14,overcast clouds
249,Wanlaweyn,SO,2022-04-09 18:40:50,2.6185,44.8938,81.19,69,32,15.32,scattered clouds
250,Hokitika,NZ,2022-04-09 18:40:51,-42.7167,170.9667,56.28,81,61,1.19,broken clouds
251,Dwarka,IN,2022-04-09 18:40:51,22.2394,68.9678,80.64,73,0,10.47,clear sky
252,Dali,CN,2022-04-09 18:40:52,25.7,100.1833,54.05,82,10,4.14,clear sky
253,Dicabisagan,PH,2022-04-09 18:40:52,17.0818,122.4157,75.49,92,100,3.94,overcast clouds
254,Itarema,BR,2022-04-09 18:40:30,-2.9248,-39.9167,81.25,80,100,10.47,overcast clouds
255,Manakara,MG,2022-04-09 18:40:53,-22.1333,48.0167,74.07,87,15,5.23,light rain
256,Korem,ET,2022-04-09 18:40:54,12.5058,39.5228,58.8,35,0,3.96,clear sky
257,San Jose,US,2022-04-09 18:39:55,37.3394,-121.895,73.92,37,0,13.8,clear sky
258,Flin Flon,CA,2022-04-09 18:40:54,54.7682,-101.865,40.84,60,75,10.36,broken clouds
259,Mahebourg,MU,2022-04-09 18:40:55,-20.4081,57.7,79.09,83,75,8.05,broken clouds
260,Tres Lagoas,BR,2022-04-09 18:40:55,-20.7511,-51.6783,91.63,43,93,7.58,overcast clouds
261,Lakatoro,VU,2022-04-09 18:40:55,-16.0999,167.4164,79.59,81,23,5.91,few clouds
262,Ternate,ID,2022-04-09 18:40:56,0.8,127.4,80.91,80,100,7.96,overcast clouds
263,Half Moon Bay,US,2022-04-09 18:40:56,37.4636,-122.4286,73.58,47,0,11.5,clear sky
264,Nizhniy Mamon,RU,2022-04-09 18:40:57,50.1937,40.5083,53.31,60,100,5.32,overcast clouds
265,Yulara,AU,2022-04-09 18:40:57,-25.2406,130.9889,55.24,41,0,2.3,clear sky
266,Chicama,PE,2022-04-09 18:40:58,-7.8447,-79.1469,68.54,59,88,10.13,overcast clouds
267,Nuuk,GL,2022-04-09 18:40:58,64.1835,-51.7216,27.21,74,20,13.8,few clouds
268,Progreso,MX,2022-04-09 18:40:58,21.2833,-89.6667,84.31,42,89,15.82,overcast clouds
269,Puri,IN,2022-04-09 18:40:59,19.8,85.85,82.92,89,1,23.6,clear sky
270,Shestakovo,RU,2022-04-09 18:40:59,56.4915,103.96,29.37,99,100,1.14,light snow
271,Egvekinot,RU,2022-04-09 18:41:00,66.3167,-179.1667,3.0,94,99,2.19,overcast clouds
272,Pevek,RU,2022-04-09 18:41:00,69.7008,170.3133,-24.38,100,32,4.94,scattered clouds
273,Yangjiang,CN,2022-04-09 18:42:01,21.85,111.9667,66.54,87,0,2.24,clear sky
274,Sao Felix Do Xingu,BR,2022-04-09 18:42:01,-6.6447,-51.995,86.27,65,97,1.97,light rain
275,Galle,LK,2022-04-09 18:42:02,6.0367,80.217,79.45,81,100,9.04,overcast clouds
276,Bikin,RU,2022-04-09 18:42:02,46.8161,134.26,32.67,91,75,3.85,broken clouds
277,Acapulco,MX,2022-04-09 18:39:39,16.8634,-99.8901,85.82,62,20,6.91,few clouds
278,Belmonte,BR,2022-04-09 18:42:04,-15.8631,-38.8828,81.91,69,38,6.96,scattered clouds
279,Cape Coast,GH,2022-04-09 18:42:04,5.1053,-1.2466,82.76,82,100,5.5,overcast clouds
280,Byron Bay,AU,2022-04-09 18:42:04,-28.65,153.6167,65.71,87,51,5.64,broken clouds
281,Malanje,AO,2022-04-09 18:42:05,-9.5402,16.341,66.02,94,100,1.72,moderate rain
282,Rovereto,IT,2022-04-09 18:42:06,45.8896,11.0387,46.78,46,100,6.02,overcast clouds
283,Quatre Cocos,MU,2022-04-09 18:42:06,-20.2078,57.7625,78.91,79,17,12.03,few clouds
284,Shenjiamen,CN,2022-04-09 18:42:07,29.9576,122.298,59.85,89,100,13.33,overcast clouds
285,Guliston,UZ,2022-04-09 18:42:07,40.4897,68.7842,74.01,39,100,6.67,overcast clouds
286,Lethem,GY,2022-04-09 18:42:08,3.3803,-59.7968,84.78,59,100,8.99,overcast clouds
287,Saraland,US,2022-04-09 18:42:08,30.8207,-88.0706,69.42,24,0,9.33,clear sky
288,Arrecife,ES,2022-04-09 18:42:09,28.963,-13.5477,67.98,68,20,14.97,few clouds
289,Pochutla,MX,2022-04-09 18:42:09,15.7432,-96.4661,91.81,36,95,9.66,overcast clouds
290,Dogondoutchi,NE,2022-04-09 18:42:10,13.6393,4.0287,95.13,15,5,5.17,clear sky
291,Storslett,NO,2022-04-09 18:42:10,69.7678,21.0247,37.4,75,100,5.75,overcast clouds
292,Adrar,MR,2022-04-09 18:42:11,20.5022,-10.0711,86.05,6,0,8.32,clear sky
293,Marfino,RU,2022-04-09 18:42:12,55.7028,37.3822,48.34,76,75,6.71,broken clouds
294,Portomaggiore,IT,2022-04-09 18:42:12,44.6985,11.8068,46.27,89,100,29.15,overcast clouds
295,Matamoros,MX,2022-04-09 18:42:13,25.5333,-103.25,82.99,22,24,1.95,few clouds
296,Leningradskiy,RU,2022-04-09 18:42:13,69.3833,178.4167,-20.31,93,30,4.03,scattered clouds
297,Mount Gambier,AU,2022-04-09 18:39:00,-37.8333,140.7667,58.91,77,32,8.05,scattered clouds
298,Glendive,US,2022-04-09 18:42:14,47.1053,-104.7125,53.22,28,100,21.85,overcast clouds
299,Shache,CN,2022-04-09 18:42:14,38.4167,77.2406,66.38,22,100,7.85,overcast clouds
300,Manokwari,ID,2022-04-09 18:42:15,-0.8667,134.0833,78.12,82,100,2.46,light rain
301,Naryan-Mar,RU,2022-04-09 18:42:15,67.6713,53.087,34.79,100,100,15.17,overcast clouds
302,Sumenep,ID,2022-04-09 18:42:16,-7.0167,113.8667,78.66,80,100,0.49,overcast clouds
303,Ponta Do Sol,PT,2022-04-09 18:42:17,32.6667,-17.1,64.71,71,0,4.59,clear sky
304,Luau,AO,2022-04-09 18:42:17,-10.7073,22.2247,64.8,94,100,1.32,overcast clouds
305,Hermosillo,MX,2022-04-09 18:38:14,29.0667,-110.9667,91.85,20,0,8.05,clear sky
306,Troitsko-Pechorsk,RU,2022-04-09 18:42:18,62.7084,56.1964,35.83,100,100,8.34,overcast clouds
307,Pyapon,MM,2022-04-09 18:42:18,16.2833,95.6833,79.63,77,61,7.96,broken clouds
308,Porto Novo,BJ,2022-04-09 18:42:19,6.4965,2.6036,80.42,79,100,5.95,overcast clouds
309,Beaumont,US,2022-04-09 18:42:19,30.0861,-94.1019,78.84,30,0,9.22,clear sky
310,Bafoulabe,ML,2022-04-09 18:42:20,13.8065,-10.8321,102.96,8,7,4.63,clear sky
311,Bandiagara,ML,2022-04-09 18:42:20,14.3501,-3.6104,94.42,8,2,7.0,clear sky
312,Dakoro,NE,2022-04-09 18:42:21,14.5106,6.765,87.55,7,0,2.73,clear sky
313,Kavieng,PG,2022-04-09 18:40:06,-2.5744,150.7967,80.04,80,100,4.68,overcast clouds
314,Nsanje,MW,2022-04-09 18:42:22,-16.92,35.262,71.02,97,20,3.85,few clouds
315,Ruiru,KE,2022-04-09 18:42:22,-1.1606,36.9567,73.18,52,20,10.36,few clouds
316,Abu Kamal,SY,2022-04-09 18:42:23,34.4506,40.9171,71.33,28,0,8.75,clear sky
317,Sao Jose Da Coroa Grande,BR,2022-04-09 18:42:08,-8.8978,-35.1478,81.57,79,100,10.67,overcast clouds
318,Mount Isa,AU,2022-04-09 18:42:23,-20.7333,139.5,82.17,28,74,14.97,broken clouds
319,North Platte,US,2022-04-09 18:43:24,41.1239,-100.7654,78.12,18,0,12.66,clear sky
320,Arlit,NE,2022-04-09 18:43:24,18.7369,7.3853,94.24,5,0,8.68,clear sky
321,Lavrentiya,RU,2022-04-09 18:42:48,65.5833,-171.0,13.33,91,100,2.77,overcast clouds
322,Nanortalik,GL,2022-04-09 18:43:25,60.1432,-45.2371,32.47,72,7,2.64,clear sky
323,Alofi,NU,2022-04-09 18:43:26,-19.0595,-169.9187,73.29,94,11,0.0,few clouds
324,Decatur,US,2022-04-09 18:43:27,39.8403,-88.9548,49.75,46,75,13.8,broken clouds
325,Gaziantep,TR,2022-04-09 18:43:27,37.0594,37.3825,58.93,51,0,6.91,clear sky
326,Nantucket,US,2022-04-09 18:42:08,41.2835,-70.0995,57.31,76,0,17.27,clear sky
327,Tiksi,RU,2022-04-09 18:43:28,71.6872,128.8694,-13.07,100,99,3.56,overcast clouds
328,Port Lincoln,AU,2022-04-09 18:43:28,-34.7333,135.8667,67.21,49,90,9.08,overcast clouds
329,Mayor Pablo Lagerenza,PY,2022-04-09 18:43:29,-19.9309,-60.7718,93.36,39,98,10.02,overcast clouds
330,Taoudenni,ML,2022-04-09 18:43:29,22.6783,-3.9836,85.35,7,0,10.92,clear sky
331,Vanimo,PG,2022-04-09 18:43:30,-2.6741,141.3028,77.29,91,100,4.65,overcast clouds
332,Yar-Sale,RU,2022-04-09 18:43:30,66.8333,70.8333,4.96,97,100,5.68,overcast clouds
333,San Jeronimo,PE,2022-04-09 18:43:31,-11.9472,-75.2829,58.28,68,100,6.08,overcast clouds
334,Fonte Boa,BR,2022-04-09 18:43:31,-2.4959,-66.2662,84.29,75,72,4.21,broken clouds
335,Samarai,PG,2022-04-09 18:43:32,-10.6167,150.6667,82.6,79,23,18.12,few clouds
336,Matay,EG,2022-04-09 18:43:32,28.419,30.7792,75.74,23,99,10.25,overcast clouds
337,Zhangye,CN,2022-04-09 18:43:33,38.9342,100.4517,61.3,17,6,7.31,clear sky
338,Mackay,AU,2022-04-09 18:43:33,-21.15,149.2,77.68,94,40,13.8,scattered clouds
339,Mossendjo,CG,2022-04-09 18:43:34,-2.9506,12.7261,71.24,95,100,2.26,overcast clouds
340,Mporokoso,ZM,2022-04-09 18:43:35,-9.3727,30.125,61.2,96,57,4.25,broken clouds
341,Praia Da Vitoria,PT,2022-04-09 18:40:49,38.7333,-27.0667,57.76,76,20,26.46,few clouds
342,Daloa,CI,2022-04-09 18:43:35,6.8774,-6.4502,80.01,72,100,4.27,light rain
343,Puerto Carreno,CO,2022-04-09 18:43:36,6.189,-67.4859,94.98,43,40,4.61,scattered clouds
344,Leshukonskoye,RU,2022-04-09 18:43:36,64.8989,45.7622,35.58,97,84,4.59,broken clouds
345,Kaduqli,SD,2022-04-09 18:43:37,11.0167,29.7167,92.88,26,92,4.97,overcast clouds
346,Agadez,NE,2022-04-09 18:43:37,19.75,10.25,90.16,5,0,8.39,clear sky
347,Artyom,AZ,2022-04-09 18:43:38,40.4723,50.333,50.14,87,100,14.27,overcast clouds
348,Namibe,AO,2022-04-09 18:43:38,-15.1961,12.1522,71.6,78,15,5.26,few clouds
349,Vao,NC,2022-04-09 18:43:39,-22.6667,167.4833,77.79,83,92,19.73,overcast clouds
350,Merauke,ID,2022-04-09 18:43:39,-8.4667,140.3333,77.16,88,29,8.75,scattered clouds
351,Port Hedland,AU,2022-04-09 18:43:39,-20.3167,118.5667,80.65,78,5,8.05,clear sky
352,Lima,PE,2022-04-09 18:41:26,-12.0432,-77.0282,70.05,73,75,5.75,broken clouds
353,Faanui,PF,2022-04-09 18:43:40,-16.4833,-151.75,82.8,71,100,20.89,overcast clouds
354,Tonaya,MX,2022-04-09 18:43:40,19.7833,-103.9667,92.91,22,5,0.74,clear sky
355,Lafia,NG,2022-04-09 18:43:41,8.4833,8.5167,86.31,51,100,6.96,light rain
356,Pizarro,CO,2022-04-09 18:43:41,4.9533,-77.366,82.24,76,99,6.49,overcast clouds
357,Belogorsk,RU,2022-04-09 18:43:42,50.9158,128.4611,33.76,93,100,6.06,overcast clouds
358,Puerto Armuelles,PA,2022-04-09 18:43:42,8.2833,-82.8667,87.78,82,100,4.34,overcast clouds
359,Raudeberg,NO,2022-04-09 18:43:42,61.9875,5.1352,37.87,86,100,33.78,overcast clouds
360,Orlik,RU,2022-04-09 18:43:43,52.5178,99.825,6.89,89,18,2.13,few clouds
361,Mazamari,PE,2022-04-09 18:43:43,-11.3258,-74.5308,81.34,75,100,1.43,overcast clouds
362,Beloha,MG,2022-04-09 18:43:44,-25.1667,45.05,73.54,82,36,17.09,scattered clouds
363,Aswan,EG,2022-04-09 18:43:44,24.0934,32.907,96.1,7,0,9.22,clear sky
364,Marigot,MF,2022-04-09 18:43:44,18.0667,-63.0833,83.98,60,40,18.41,scattered clouds
365,Holoby,UA,2022-04-09 18:43:45,51.0865,25.0077,42.06,82,100,8.57,overcast clouds
366,Bilma,NE,2022-04-09 18:44:45,18.6853,12.9164,90.28,6,0,5.39,clear sky
367,Tahta,EG,2022-04-09 18:44:46,26.7693,31.5021,78.24,15,5,9.44,clear sky
368,Felanitx,ES,2022-04-09 18:44:46,39.4696,3.1483,59.52,80,61,10.76,broken clouds
369,Cap Malheureux,MU,2022-04-09 18:40:12,-19.9842,57.6142,76.46,85,34,1.01,scattered clouds
370,Imbituba,BR,2022-04-09 18:44:47,-28.24,-48.6703,74.68,81,50,7.18,scattered clouds
371,Nador,MA,2022-04-09 18:44:47,35.174,-2.9287,68.07,37,0,5.75,clear sky
372,Mana,GF,2022-04-09 18:44:48,5.6592,-53.7767,80.6,81,98,11.63,overcast clouds
373,Bucerias,MX,2022-04-09 18:43:37,20.75,-105.3333,85.1,55,0,10.67,clear sky
374,Luanda,AO,2022-04-09 18:44:24,-8.8368,13.2343,78.31,86,91,7.58,overcast clouds
375,Revelstoke,CA,2022-04-09 18:42:21,50.9832,-118.2023,44.62,33,20,6.91,few clouds
376,Lashio,MM,2022-04-09 18:44:49,22.9333,97.75,65.43,58,6,1.81,clear sky
377,Qiryat Yam,IL,2022-04-09 18:44:50,32.8508,35.0703,62.98,85,0,1.01,clear sky
378,Ferkessedougou,CI,2022-04-09 18:44:50,9.6,-5.2,88.12,43,100,8.37,overcast clouds
379,Koumac,NC,2022-04-09 18:44:50,-20.5667,164.2833,76.73,87,96,7.96,overcast clouds
380,Jurm,AF,2022-04-09 18:44:51,36.8648,70.8342,61.05,51,3,4.52,clear sky
381,Kruisfontein,ZA,2022-04-09 18:44:51,-34.0033,24.7314,61.88,86,100,13.51,light rain
382,Maniitsoq,GL,2022-04-09 18:44:52,65.4167,-52.9,21.92,76,58,4.52,broken clouds
383,Muros,ES,2022-04-09 18:44:03,42.7762,-9.0603,55.76,78,9,5.03,clear sky
384,Trairi,BR,2022-04-09 18:44:52,-3.2778,-39.2689,77.92,85,100,6.08,overcast clouds
385,Havoysund,NO,2022-04-09 18:44:52,70.9963,24.6622,35.83,96,100,32.82,overcast clouds
386,Teguise,ES,2022-04-09 18:44:53,29.0605,-13.564,64.62,68,20,14.97,few clouds
387,Hohhot,CN,2022-04-09 18:44:53,40.8106,111.6522,50.29,34,0,6.71,clear sky
388,Pelotas,BR,2022-04-09 18:44:54,-31.7719,-52.3425,84.22,60,20,9.22,few clouds
389,Khatassy,RU,2022-04-09 18:44:54,61.9036,129.6383,22.98,93,100,6.76,overcast clouds
390,Lagoa,PT,2022-04-09 18:44:55,39.05,-27.9833,55.89,69,12,36.24,few clouds
391,Yancheng,CN,2022-04-09 18:44:55,33.3856,120.1253,59.83,68,100,9.06,overcast clouds
392,Saint-Pierre,RE,2022-04-09 18:44:55,-21.3393,55.4781,78.48,67,100,16.11,overcast clouds
393,Auki,SB,2022-04-09 18:44:56,-8.7676,160.7034,76.89,84,32,2.71,scattered clouds
394,Tezu,IN,2022-04-09 18:44:56,27.9167,96.1667,66.9,79,17,3.78,few clouds
395,Kijang,KR,2022-04-09 18:44:57,35.2442,129.2139,55.13,67,2,9.28,clear sky
396,Matara,LK,2022-04-09 18:44:57,5.9485,80.5353,77.0,87,70,8.01,broken clouds
397,Can,TR,2022-04-09 18:45:00,40.0333,27.0524,55.72,86,0,5.39,clear sky
398,Constantine,DZ,2022-04-09 18:45:01,36.365,6.6147,58.41,67,40,10.36,scattered clouds
399,Itoman,JP,2022-04-09 18:45:01,26.1247,127.6694,72.37,90,75,9.22,broken clouds
400,College,US,2022-04-09 18:43:52,64.8569,-147.8028,11.46,53,20,3.44,few clouds
401,Paris,FR,2022-04-09 18:40:07,48.8534,2.3488,51.06,58,0,9.22,clear sky
402,Mabua,PH,2022-04-09 18:45:02,9.8089,125.4422,76.19,91,100,24.34,heavy intensity rain
403,Tilichiki,RU,2022-04-09 18:45:03,60.4667,166.1,20.35,85,100,6.46,overcast clouds
404,Pisco,PE,2022-04-09 18:45:03,-13.7,-76.2167,74.01,83,20,8.05,few clouds
405,Senanga,ZM,2022-04-09 18:45:04,-16.1167,23.2667,66.13,91,56,5.46,broken clouds
406,Store Heddinge,DK,2022-04-09 18:45:05,55.3097,12.3889,42.48,72,15,25.57,few clouds
407,Saint-Augustin,CA,2022-04-09 18:40:09,51.226,-58.6502,32.85,100,100,9.19,light snow
408,Vanavara,RU,2022-04-09 18:45:05,60.34,102.2797,17.1,97,100,2.73,overcast clouds
409,Winslow,US,2022-04-09 18:45:06,35.0242,-110.6974,80.78,7,0,17.27,clear sky
410,Abu Samrah,SY,2022-04-09 18:45:06,35.3029,37.1841,59.63,67,0,6.64,clear sky
411,Upata,VE,2022-04-09 18:45:07,8.0086,-62.3989,87.89,45,94,5.95,overcast clouds
412,Knezica,BA,2022-04-09 18:45:07,45.1028,16.6775,40.5,94,100,2.55,overcast clouds
413,Sakakah,SA,2022-04-09 18:45:08,29.9697,40.2064,76.57,14,0,6.55,clear sky
414,Luz,BR,2022-04-09 18:46:08,-19.8014,-45.6856,83.97,54,99,6.64,overcast clouds
415,Tromso,NO,2022-04-09 18:46:09,69.6496,18.957,37.42,70,75,17.27,broken clouds
416,Arenzano,IT,2022-04-09 18:46:09,44.4052,8.6832,57.06,23,42,1.01,scattered clouds
417,Skibbereen,IE,2022-04-09 18:46:09,51.55,-9.2667,47.1,65,100,13.09,overcast clouds
418,Biak,ID,2022-04-09 18:46:10,-0.9131,122.8766,76.03,79,100,2.93,overcast clouds
419,Bossangoa,CF,2022-04-09 18:46:10,6.4926,17.4552,81.45,45,99,1.92,overcast clouds
420,Dustlik,UZ,2022-04-09 18:46:11,40.5247,68.0358,72.23,37,100,4.45,overcast clouds
421,Bilibino,RU,2022-04-09 18:46:11,68.0546,166.4372,-10.52,98,100,1.77,overcast clouds
422,Zemio,CF,2022-04-09 18:46:12,5.0314,25.1361,71.82,86,83,3.89,broken clouds
423,Bannu,PK,2022-04-09 18:44:18,32.9854,70.6027,83.08,16,0,4.23,clear sky
424,Fairbanks,US,2022-04-09 18:46:13,64.8378,-147.7164,11.48,52,0,3.44,clear sky
425,Eyl,SO,2022-04-09 18:46:14,7.9803,49.8164,80.89,78,39,10.36,scattered clouds
426,Atar,MR,2022-04-09 18:46:14,20.5169,-13.0499,98.65,23,0,6.91,clear sky
427,Jizan,SA,2022-04-09 18:42:11,17.3333,42.6667,85.14,61,0,2.64,clear sky
428,Birao,CF,2022-04-09 18:46:15,10.2849,22.7882,90.91,24,82,4.68,broken clouds
429,Wichita Falls,US,2022-04-09 18:41:54,33.9137,-98.4934,82.26,15,0,20.71,clear sky
430,Ngunguru,NZ,2022-04-09 18:46:15,-35.6167,174.5,64.89,77,39,11.43,scattered clouds
431,Oeiras Do Para,BR,2022-04-09 18:46:16,-2.0031,-49.8544,81.3,92,92,4.52,overcast clouds
432,Dickinson,US,2022-04-09 18:46:16,29.4608,-95.0513,83.98,50,0,14.97,clear sky
433,Comodoro Rivadavia,AR,2022-04-09 18:45:01,-45.8667,-67.5,60.66,82,40,9.22,scattered clouds
434,Green River,US,2022-04-09 18:46:17,41.5286,-109.4662,57.6,35,67,18.61,broken clouds
435,Moissala,TD,2022-04-09 18:46:17,8.3404,17.7663,83.75,45,100,2.48,light rain
436,Madera,US,2022-04-09 18:46:18,37.1666,-119.8343,82.53,42,0,8.14,clear sky
437,Shu,KZ,2022-04-09 18:46:18,43.5983,73.7614,55.58,95,100,2.71,moderate rain
438,Cascais,PT,2022-04-09 18:46:12,38.6979,-9.4215,63.52,73,75,15.99,broken clouds
439,Sangar,RU,2022-04-09 18:46:19,63.9242,127.4739,10.22,98,100,5.55,overcast clouds
440,Rocha,UY,2022-04-09 18:46:20,-34.4833,-54.3333,70.43,72,100,8.79,overcast clouds
441,Taloqan,AF,2022-04-09 18:46:20,36.7361,69.5345,69.15,40,11,1.28,few clouds
442,Vila Velha,BR,2022-04-09 18:46:20,-20.3297,-40.2925,89.55,77,0,13.8,clear sky
443,Svetlaya,RU,2022-04-09 18:46:21,46.5389,138.3297,31.06,91,55,3.87,broken clouds
444,Pervomayskoye,RU,2022-04-09 18:46:22,43.919,46.7102,55.09,67,99,3.6,overcast clouds
445,Dunedin,NZ,2022-04-09 18:44:59,-45.8742,170.5036,49.21,83,99,9.75,overcast clouds
446,Balkhash,KZ,2022-04-09 18:46:22,46.844,74.9804,48.25,51,100,15.75,overcast clouds
447,Mushie,CD,2022-04-09 18:46:23,-3.0167,16.9,72.57,94,54,4.03,light rain
448,King City,US,2022-04-09 18:41:28,36.2127,-121.126,76.91,23,0,11.83,clear sky
449,Luis Correia,BR,2022-04-09 18:46:24,-2.8792,-41.6669,86.0,79,75,9.22,broken clouds
450,Husavik,IS,2022-04-09 18:46:24,66.0449,-17.3389,26.53,77,91,5.99,overcast clouds
451,Svetlogorsk,BY,2022-04-09 18:46:25,52.6333,29.7333,40.75,94,100,10.65,overcast clouds
452,Ashtian,IR,2022-04-09 18:46:25,34.5217,50.0019,53.08,37,5,7.83,clear sky
453,Toktogul,KG,2022-04-09 18:46:26,41.8708,72.9402,54.7,84,81,3.02,broken clouds
454,Mecca,SA,2022-04-09 18:46:26,21.4267,39.8261,82.56,35,0,4.7,clear sky
455,Funadhoo,MV,2022-04-09 18:46:27,6.15,73.2667,84.6,72,100,10.65,overcast clouds
456,Bemidji,US,2022-04-09 18:46:27,47.4736,-94.8803,44.37,36,0,6.91,clear sky
457,Iquitos,PE,2022-04-09 18:45:47,-3.7481,-73.2472,84.24,70,75,6.91,broken clouds
458,Tacuarembo,UY,2022-04-09 18:47:28,-31.7333,-55.9833,80.8,47,4,5.03,clear sky
459,Salzwedel,DE,2022-04-09 18:47:28,52.85,11.15,43.02,69,76,13.78,light rain
460,Hualmay,PE,2022-04-09 18:47:29,-11.0964,-77.6139,73.9,72,39,9.24,scattered clouds
461,Huarmey,PE,2022-04-09 18:47:29,-10.0681,-78.1522,74.43,73,72,10.56,broken clouds
462,Oistins,BB,2022-04-09 18:47:12,13.0667,-59.5333,84.29,61,40,20.71,scattered clouds
463,Venice,US,2022-04-09 18:45:25,27.0998,-82.4543,75.97,45,0,14.97,haze
464,Westerland,DE,2022-04-09 18:47:30,54.9079,8.3033,41.95,75,20,24.16,few clouds
465,Murray Bridge,AU,2022-04-09 18:47:31,-35.1167,139.2667,69.12,56,7,10.11,clear sky
466,Cayenne,GF,2022-04-09 18:47:31,4.9333,-52.3333,84.24,1,75,13.8,broken clouds
467,Yeniseysk,RU,2022-04-09 18:47:32,58.4497,92.1703,32.0,94,100,6.91,overcast clouds
468,Mangla,PK,2022-04-09 18:47:32,31.8931,72.3817,83.32,15,0,6.98,clear sky
469,Buala,SB,2022-04-09 18:47:33,-8.145,159.5921,79.18,79,100,3.36,light rain
470,Mubende,UG,2022-04-09 18:47:33,0.5606,31.39,67.26,66,32,3.85,scattered clouds
471,Ranong,TH,2022-04-09 18:43:57,9.9658,98.6348,77.67,87,73,1.74,broken clouds
472,Kidal,ML,2022-04-09 18:47:34,18.4411,1.4078,94.53,8,0,14.05,clear sky
473,Owo,NG,2022-04-09 18:47:34,7.1962,5.5868,78.15,77,100,7.2,light rain
474,Assens,DK,2022-04-09 18:47:35,55.2702,9.9008,41.32,78,12,23.49,few clouds
475,Pasni,PK,2022-04-09 18:47:35,25.2631,63.471,82.33,58,100,9.66,overcast clouds
476,Kangaba,ML,2022-04-09 18:47:35,11.9333,-8.4167,96.91,9,96,5.61,overcast clouds
477,Manggar,ID,2022-04-09 18:47:36,-2.8833,108.2667,77.97,82,100,4.21,overcast clouds
478,Labuhan,ID,2022-04-09 18:47:36,-6.8844,112.2051,77.14,88,100,7.94,light rain
479,Yerofey Pavlovich,RU,2022-04-09 18:47:37,53.9667,121.9667,25.99,79,100,8.3,overcast clouds
480,New Iberia,US,2022-04-09 18:47:37,30.0035,-91.8187,75.96,23,0,9.22,clear sky
481,Nizhniy Odes,RU,2022-04-09 18:47:37,63.6445,54.856,35.55,98,100,10.04,overcast clouds
482,Almeirim,BR,2022-04-09 18:47:38,-1.5233,-52.5817,84.76,71,90,4.14,overcast clouds
483,Fairlie,GB,2022-04-09 18:47:39,55.756,-4.8556,46.31,66,96,11.63,overcast clouds
484,Kupang,ID,2022-04-09 18:47:39,-10.1667,123.5833,75.97,84,70,3.89,broken clouds
485,Beringovskiy,RU,2022-04-09 18:47:40,63.05,179.3167,34.11,83,100,23.87,overcast clouds
486,Swan Hill,AU,2022-04-09 18:47:40,-35.3378,143.5544,60.69,92,4,6.71,clear sky
487,Grand Gaube,MU,2022-04-09 18:47:41,-20.0064,57.6608,79.2,85,38,3.0,scattered clouds
488,Ponta Delgada,PT,2022-04-09 18:47:41,37.7333,-25.6667,54.32,82,40,28.77,mist
489,Djambala,CG,2022-04-09 18:47:41,-2.5447,14.7533,68.67,94,85,2.62,light rain
490,Zhigansk,RU,2022-04-09 18:47:42,66.7697,123.3711,2.77,97,32,10.63,scattered clouds
491,Bac Lieu,VN,2022-04-09 18:47:42,9.285,105.7244,79.61,79,75,4.94,broken clouds
492,Karaman,TR,2022-04-09 18:47:43,37.0833,33.25,54.34,60,100,12.06,overcast clouds
493,Gambela,ET,2022-04-09 18:47:43,8.25,34.5833,88.16,41,100,7.58,overcast clouds
494,Saint-Georges,GD,2022-04-09 18:47:44,12.0564,-61.7485,83.88,70,20,23.02,few clouds
495,Hai Duong,VN,2022-04-09 18:47:44,20.9333,106.3167,69.8,86,0,5.95,clear sky
496,Lukovetskiy,RU,2022-04-09 18:47:45,64.2956,41.9211,33.94,94,100,5.93,overcast clouds
497,Karlstad,SE,2022-04-09 18:47:45,59.3793,13.5036,39.76,60,75,5.75,broken clouds
498,Coihaique,CL,2022-04-09 18:47:46,-45.5752,-72.0662,59.61,67,75,6.91,broken clouds
499,Megion,RU,2022-04-09 18:47:46,61.0296,76.1136,6.82,100,39,3.94,scattered clouds
500,Muli,MV,2022-04-09 18:47:47,2.9167,73.5667,84.87,64,100,10.8,overcast clouds
501,Steinfurt,DE,2022-04-09 18:47:47,52.1505,7.3366,40.75,78,42,12.35,scattered clouds
502,Batagay,RU,2022-04-09 18:47:47,67.6333,134.6333,-4.76,100,100,3.11,overcast clouds
503,Am Timan,TD,2022-04-09 18:47:48,11.0297,20.2827,96.08,22,86,4.5,overcast clouds
504,Qeshm,IR,2022-04-09 18:47:48,26.9581,56.2719,78.69,66,85,12.08,overcast clouds
505,Myski,RU,2022-04-09 18:48:49,53.709,87.8014,28.87,96,99,6.42,light snow
506,Maham,IN,2022-04-09 18:48:49,28.9833,76.3,85.77,11,0,7.65,clear sky
507,Lososina,RU,2022-04-09 18:48:50,48.9975,140.3106,27.88,95,21,0.13,few clouds
508,Bubaque,GW,2022-04-09 18:48:50,11.2833,-15.8333,76.8,78,59,17.05,broken clouds
509,Tomatlan,MX,2022-04-09 18:46:09,19.9333,-105.25,90.03,38,0,10.33,clear sky
510,Puerto Padre,CU,2022-04-09 18:48:51,21.195,-76.6028,84.33,57,51,15.19,broken clouds
511,Guanica,PR,2022-04-09 18:48:51,17.9716,-66.908,85.12,70,71,18.03,broken clouds
512,Taksimo,RU,2022-04-09 18:48:52,56.3444,114.8794,17.74,91,100,0.74,overcast clouds
513,Cabo San Lucas,MX,2022-04-09 18:46:08,22.8909,-109.9124,84.61,61,2,10.0,clear sky
514,Bure,ET,2022-04-09 18:48:53,10.7,37.0667,67.84,50,100,2.46,overcast clouds
515,Kusa,RU,2022-04-09 18:48:54,55.3383,59.4406,37.06,99,100,4.05,overcast clouds
516,Ukiah,US,2022-04-09 18:48:54,39.1502,-123.2078,69.17,31,0,11.5,clear sky
517,Tambun,ID,2022-04-09 18:48:54,-6.2641,107.0712,84.47,77,31,3.58,scattered clouds
518,Conceicao Do Mato Dentro,BR,2022-04-09 18:47:00,-19.0372,-43.425,79.86,64,100,2.71,moderate rain
519,Selty,RU,2022-04-09 18:48:55,57.3132,52.1345,36.88,98,100,8.34,overcast clouds
520,Rongcheng,CN,2022-04-09 18:48:55,30.634,117.8517,66.16,58,100,4.34,overcast clouds
521,Medea,DZ,2022-04-09 18:48:56,36.2642,2.7539,49.05,85,94,5.57,overcast clouds
522,Kushima,JP,2022-04-09 18:48:56,31.4583,131.2333,57.49,84,0,3.0,clear sky
523,Teknaf,BD,2022-04-09 18:48:57,20.8624,92.3058,76.46,89,6,1.77,clear sky
524,Yichang,CN,2022-04-09 18:48:57,30.7144,111.2847,69.31,60,0,3.49,clear sky
525,Port Moresby,PG,2022-04-09 18:47:12,-9.4431,147.1797,76.42,100,40,5.75,scattered clouds
526,Nanuque,BR,2022-04-09 18:48:58,-17.8392,-40.3539,89.64,46,14,5.17,few clouds
527,Wajir,KE,2022-04-09 18:48:58,1.7471,40.0573,91.36,43,0,0.0,clear sky
528,Powell River,CA,2022-04-09 18:48:59,49.8496,-124.5361,48.99,53,40,12.66,scattered clouds
529,Bay Roberts,CA,2022-04-09 18:48:59,47.5999,-53.2648,38.05,79,100,8.01,overcast clouds
530,Bend,US,2022-04-09 18:49:00,44.0582,-121.3153,45.14,41,0,13.8,clear sky
531,Ylojarvi,FI,2022-04-09 18:49:00,61.5563,23.5961,31.62,92,100,11.5,light snow
532,Kuala Terengganu,MY,2022-04-09 18:49:00,5.3302,103.1408,75.15,100,20,5.01,few clouds
533,Port Augusta,AU,2022-04-09 18:49:01,-32.5,137.7667,63.73,46,0,3.58,clear sky
534,Sahuaripa,MX,2022-04-09 18:49:01,29.05,-109.2333,92.25,16,8,15.97,clear sky
535,Livingston,GB,2022-04-09 18:45:09,55.9029,-3.5226,44.2,54,0,2.3,clear sky
536,Brae,GB,2022-04-09 18:49:02,60.3964,-1.353,37.38,60,99,22.95,overcast clouds
537,Touros,BR,2022-04-09 18:49:02,-5.1989,-35.4608,84.11,72,73,15.19,broken clouds
538,Kailua,US,2022-04-09 18:46:40,21.4022,-157.7394,78.78,78,81,5.01,broken clouds
539,Monrovia,LR,2022-04-09 18:48:25,6.3005,-10.7969,85.77,86,99,6.76,light rain
540,Salsomaggiore Terme,IT,2022-04-09 18:49:03,44.8148,9.9796,62.17,85,89,16.73,overcast clouds
541,Barranca,PE,2022-04-09 18:49:04,-10.75,-77.7667,72.99,70,38,9.42,scattered clouds
542,Harper,LR,2022-04-09 18:49:04,4.375,-7.7169,82.18,82,98,8.72,overcast clouds
543,Borzya,RU,2022-04-09 18:49:05,50.3833,116.5167,35.01,92,100,12.41,light snow
544,Belgrade,RS,2022-04-09 18:49:05,44.804,20.4651,45.34,78,75,10.36,broken clouds
545,Ketchikan,US,2022-04-09 18:49:06,55.3422,-131.6461,39.67,70,40,8.05,scattered clouds
546,Tenenkou,ML,2022-04-09 18:49:06,14.4572,-4.9169,98.53,7,6,10.67,clear sky
547,Houston,US,2022-04-09 18:47:03,29.7633,-95.3633,85.05,42,0,11.5,clear sky
548,Iqaluit,CA,2022-04-09 18:49:07,63.7506,-68.5145,20.93,92,100,4.0,light snow
549,Tororo,UG,2022-04-09 18:50:08,0.693,34.1809,73.36,66,100,3.8,overcast clouds
550,Yerbogachen,RU,2022-04-09 18:50:09,61.2767,108.0108,13.55,95,16,5.41,few clouds
551,Constitucion,CL,2022-04-09 18:50:10,-35.3333,-72.4167,61.83,67,8,7.76,clear sky
552,Tual,ID,2022-04-09 18:50:12,-5.6667,132.75,83.93,73,86,14.61,overcast clouds
553,Kutum,SD,2022-04-09 18:50:13,14.2,24.6667,82.08,10,4,7.02,clear sky
554,Akdepe,TM,2022-04-09 18:50:14,42.0551,59.3788,62.69,33,100,7.09,overcast clouds
555,Mianyang,CN,2022-04-09 18:50:14,31.4593,104.7542,65.46,68,0,1.16,clear sky
556,Sitka,US,2022-04-09 18:50:15,57.0531,-135.33,37.29,75,40,3.44,scattered clouds
557,Peniche,PT,2022-04-09 18:47:43,39.3558,-9.3811,60.08,93,100,8.97,overcast clouds
558,Yelizovo,RU,2022-04-09 18:50:16,53.1873,158.3805,24.94,68,75,4.47,broken clouds
559,Sorong,ID,2022-04-09 18:50:17,-0.8833,131.25,79.47,86,95,8.86,overcast clouds
560,Lodja,CD,2022-04-09 18:50:17,-3.4833,23.4333,75.25,74,83,1.7,broken clouds
561,Ziarat,PK,2022-04-09 18:50:18,30.3823,67.7282,61.3,13,0,6.8,clear sky
562,San Cristobal,VE,2022-04-09 18:49:53,7.7669,-72.225,82.58,39,37,6.51,scattered clouds
563,Pirawa,IN,2022-04-09 18:50:22,24.1551,76.0273,91.36,14,3,15.28,clear sky
564,Panjab,AF,2022-04-09 18:50:23,34.388,67.0233,53.06,23,31,1.59,scattered clouds
565,Dobryatino,RU,2022-04-09 18:50:24,55.5055,41.3195,38.93,96,89,4.79,overcast clouds
566,Fort-Shevchenko,KZ,2022-04-09 18:50:25,44.5086,50.263,49.08,87,3,5.66,clear sky
567,Palana,RU,2022-04-09 18:50:26,59.1167,159.9667,17.91,90,89,9.44,overcast clouds
568,Saint Anthony,US,2022-04-09 18:50:26,45.0205,-93.218,54.79,24,0,4.61,clear sky
569,Baiquan,CN,2022-04-09 18:50:27,47.5833,126.0833,47.66,37,100,13.35,overcast clouds
570,Cairns,AU,2022-04-09 18:50:27,-16.9167,145.7667,78.75,89,41,8.05,scattered clouds
571,Grootfontein,NA,2022-04-09 18:50:28,-19.5667,18.1167,63.97,88,11,6.91,few clouds
572,Urengoy,RU,2022-04-09 18:50:29,65.9667,78.3667,-12.05,100,94,5.01,overcast clouds
573,Zmeinogorsk,RU,2022-04-09 18:50:30,51.1567,82.195,32.11,77,0,5.21,clear sky
574,Kendari,ID,2022-04-09 18:46:41,-3.945,122.4989,74.97,92,100,3.76,overcast clouds
575,Gat,IL,2022-04-09 18:50:30,31.61,34.7642,65.39,100,1,6.71,clear sky
576,Impfondo,CG,2022-04-09 18:50:31,1.6381,18.0667,76.46,71,99,2.51,overcast clouds
577,Iwanai,JP,2022-04-09 18:50:32,42.9744,140.5089,41.13,95,30,0.58,scattered clouds
578,Toora-Khem,RU,2022-04-09 18:50:32,52.4675,96.11,24.91,96,100,1.74,overcast clouds
579,Rosetta,EG,2022-04-09 18:50:33,31.4044,30.4164,60.82,82,0,9.31,clear sky
580,Kununurra,AU,2022-04-09 18:50:33,-15.7667,128.7333,67.98,88,8,5.75,clear sky
581,Portree,GB,2022-04-09 18:50:34,57.4129,-6.1942,40.51,84,82,6.35,broken clouds
582,Grindavik,IS,2022-04-09 18:50:34,63.8424,-22.4338,41.47,75,75,27.63,broken clouds
583,Andapa,MG,2022-04-09 18:50:35,-14.65,49.65,67.78,96,100,3.11,overcast clouds
584,Praya,CV,2022-04-09 18:50:35,14.9215,-23.5087,81.14,54,0,18.41,clear sky
585,Madimba,TZ,2022-04-09 18:50:36,-10.4,40.3333,76.95,88,6,7.54,clear sky
586,Pierre,US,2022-04-09 18:50:03,44.3683,-100.351,64.85,20,0,10.36,clear sky
587,Bunog,PH,2022-04-09 18:50:36,9.1403,117.7817,77.41,89,96,5.06,overcast clouds
588,Yarada,IN,2022-04-09 18:50:37,17.65,83.2667,84.52,79,40,6.91,scattered clouds
589,Bathsheba,BB,2022-04-09 18:50:37,13.2167,-59.5167,84.81,61,40,20.71,scattered clouds
590,Hamina,FI,2022-04-09 18:50:38,60.5697,27.1979,33.08,81,9,12.8,clear sky
591,Kodinsk,RU,2022-04-09 18:50:38,58.6881,99.1844,26.6,98,100,2.53,overcast clouds
592,Point Pedro,LK,2022-04-09 18:50:39,9.8167,80.2333,81.93,76,100,1.32,overcast clouds
593,Indianola,US,2022-04-09 18:50:39,41.3581,-93.5574,54.91,32,12,3.83,few clouds
594,Banda Aceh,ID,2022-04-09 18:51:40,5.5577,95.3222,79.39,81,26,3.71,scattered clouds
595,Boguchany,RU,2022-04-09 18:51:40,58.3814,97.4531,29.79,99,100,2.24,light snow
596,Ambon,ID,2022-04-09 18:51:40,-3.6954,128.1814,80.74,83,40,4.61,light rain
597,Skeldon,GY,2022-04-09 18:51:41,5.8833,-57.1333,81.14,78,100,9.13,overcast clouds
598,Nizhniy Kuranakh,RU,2022-04-09 18:51:41,58.8353,125.4869,-1.05,99,9,2.44,clear sky
599,Phuket,TH,2022-04-09 18:51:42,8.0,98.25,79.02,94,20,3.44,moderate rain
600,Yagodnoye,RU,2022-04-09 18:51:42,62.55,149.6667,-8.66,92,100,4.92,overcast clouds
601,Zwettl,AT,2022-04-09 18:51:43,48.6,15.1667,40.66,80,100,9.48,overcast clouds
602,Fort Nelson,CA,2022-04-09 18:51:43,58.8053,-122.7002,38.79,48,20,12.66,few clouds
603,Xiaoshi,CN,2022-04-09 18:51:44,41.2971,124.1209,49.69,86,58,8.55,broken clouds
604,Dauphin,CA,2022-04-09 18:51:44,51.1494,-100.0502,41.14,56,100,11.5,overcast clouds
605,Iisalmi,FI,2022-04-09 18:51:45,63.5592,27.1907,31.3,92,96,10.09,light snow
606,Abu Dhabi,AE,2022-04-09 18:47:55,24.4667,54.3667,82.51,71,6,3.44,clear sky
607,Abay,KZ,2022-04-09 18:51:46,49.6311,72.8539,37.78,57,89,11.41,overcast clouds
608,Sobolevo,RU,2022-04-09 18:50:28,54.4299,31.8996,42.85,97,100,8.95,overcast clouds
609,Charleston,US,2022-04-09 18:51:46,32.7766,-79.9309,57.02,42,100,14.97,overcast clouds
610,Ust-Omchug,RU,2022-04-09 18:51:47,61.15,149.6333,1.6,98,100,4.74,overcast clouds
611,Oktyabrskiy,RU,2022-04-09 18:51:47,54.4815,53.471,38.91,97,100,6.08,overcast clouds
612,Lokoja,NG,2022-04-09 18:51:47,7.8024,6.743,86.7,56,100,8.77,overcast clouds
613,Ulagan,RU,2022-04-09 18:51:48,50.6321,87.9563,21.61,88,47,3.83,scattered clouds
614,Ballina,AU,2022-04-09 18:51:48,-28.8667,153.5667,65.01,96,75,5.75,broken clouds
615,Rathangan,IE,2022-04-09 18:51:49,53.2214,-6.995,48.42,60,94,3.89,overcast clouds
616,Mayo,US,2022-04-09 18:51:49,38.8876,-76.5119,58.08,49,40,11.01,scattered clouds
617,Zheleznodorozhnyy,RU,2022-04-09 18:51:50,55.7503,38.0042,48.61,90,100,9.4,overcast clouds
618,Coahuayana,MX,2022-04-09 18:51:50,18.7333,-103.6833,92.21,34,25,8.21,scattered clouds
619,Tecpan,GT,2022-04-09 18:51:51,14.7623,-90.9947,63.9,45,90,8.93,overcast clouds
620,Ugoofaaru,MV,2022-04-09 18:51:51,5.6667,73.0,84.25,72,100,9.6,overcast clouds
621,Vangaindrano,MG,2022-04-09 18:51:51,-23.35,47.6,73.0,91,24,4.68,light rain
622,Semnan,IR,2022-04-09 18:51:52,35.5729,53.3971,69.93,32,100,5.41,overcast clouds
623,Kasama,ZM,2022-04-09 18:51:52,-10.2129,31.1808,61.36,96,22,3.62,few clouds
624,Kiama,AU,2022-04-09 18:51:53,-34.6833,150.8667,62.58,95,26,2.48,scattered clouds
625,Tabou,CI,2022-04-09 18:51:53,4.423,-7.3528,82.18,83,87,8.86,overcast clouds
626,Eureka,US,2022-04-09 18:51:53,40.8021,-124.1637,60.75,63,33,13.0,scattered clouds
627,San Policarpo,PH,2022-04-09 18:51:54,12.1791,125.5072,79.18,91,100,24.92,heavy intensity rain
628,Banjar,ID,2022-04-09 18:51:54,-8.19,114.9675,75.99,90,100,3.22,overcast clouds
629,Zelenoborskiy,RU,2022-04-09 18:51:55,66.845,32.3622,30.63,89,46,11.03,scattered clouds
630,Poum,NC,2022-04-09 18:51:55,-20.2333,164.0167,79.41,80,98,13.73,overcast clouds
631,Joniskelis,LT,2022-04-09 18:51:56,56.0253,24.1689,36.54,66,1,14.32,clear sky
632,Krasnoufimsk,RU,2022-04-09 18:51:56,56.6059,57.7669,37.22,100,100,4.65,overcast clouds
633,Vryburg,ZA,2022-04-09 18:51:56,-26.9566,24.7284,56.68,84,100,14.41,light rain
634,Nongan,CN,2022-04-09 18:51:57,44.382,125.1685,53.98,33,100,11.97,overcast clouds
635,Hearst,CA,2022-04-09 18:51:57,49.6835,-83.6665,25.05,92,100,9.89,light snow
636,Kyshtovka,RU,2022-04-09 18:51:58,56.555,76.6271,19.49,95,75,3.36,broken clouds
637,Talcahuano,CL,2022-04-09 18:51:58,-36.7167,-73.1167,56.52,86,71,10.0,broken clouds
638,Labrea,BR,2022-04-09 18:51:59,-7.2586,-64.7981,85.73,77,92,2.35,overcast clouds
639,Boysun,UZ,2022-04-09 18:51:59,38.2061,67.1986,64.98,43,99,6.17,overcast clouds
640,Pangody,RU,2022-04-09 18:51:24,65.85,74.4859,1.6,91,100,5.06,overcast clouds
641,Luhyny,UA,2022-04-09 18:53:00,51.082,28.4006,41.63,89,100,13.58,overcast clouds
642,Nola,IT,2022-04-09 18:53:01,40.922,14.5329,59.36,69,95,3.0,overcast clouds
643,Taitung,TW,2022-04-09 18:53:01,22.7583,121.1444,71.6,79,17,6.85,few clouds
644,Aykhal,RU,2022-04-09 18:53:02,66.0,111.5,5.97,100,30,3.0,scattered clouds
645,Kropotkin,RU,2022-04-09 18:53:02,45.4375,40.5756,51.21,73,63,2.71,broken clouds
646,Puerto Escondido,MX,2022-04-09 18:53:03,15.85,-97.0667,87.24,53,8,9.33,clear sky
647,Umm Lajj,SA,2022-04-09 18:53:03,25.0213,37.2685,78.12,64,86,5.39,overcast clouds
648,Muhos,FI,2022-04-09 18:53:04,64.808,25.9931,33.58,81,27,9.24,scattered clouds
649,Norsup,VU,2022-04-09 18:53:04,-16.0667,167.3833,79.61,81,23,6.11,few clouds
650,Abha,SA,2022-04-09 18:53:05,18.2164,42.5053,66.02,39,0,4.61,clear sky
651,Sinor,IN,2022-04-09 18:53:05,21.9167,73.3333,84.43,48,2,5.77,clear sky
652,Mabaruma,GY,2022-04-09 18:53:06,8.2,-59.7833,87.8,66,40,13.8,scattered clouds
653,Lokosovo,RU,2022-04-09 18:53:06,61.1333,74.8167,-0.18,99,35,3.13,scattered clouds
654,Bichura,RU,2022-04-09 18:53:06,50.5881,107.6022,30.96,91,82,4.54,broken clouds
655,Hosakote,IN,2022-04-09 18:53:07,14.2769,77.1699,83.57,39,26,9.01,scattered clouds
656,Teahupoo,PF,2022-04-09 18:53:08,-17.8333,-149.2667,75.16,80,96,21.92,light rain
657,Thunder Bay,CA,2022-04-09 18:52:43,48.4001,-89.3168,40.98,36,0,12.66,clear sky
658,Catemaco,MX,2022-04-09 18:52:47,18.4167,-95.1167,73.89,58,91,5.46,overcast clouds
659,Stephenville,US,2022-04-09 18:52:26,32.2207,-98.2023,85.77,14,0,11.5,clear sky
660,Beverley,GB,2022-04-09 18:53:10,53.8459,-0.4233,46.62,52,73,1.52,broken clouds
661,Mitsamiouli,KM,2022-04-09 18:53:11,-11.3847,43.2844,82.9,75,84,6.55,broken clouds
662,High Prairie,CA,2022-04-09 18:53:13,55.4334,-116.4858,36.09,74,100,20.27,overcast clouds
663,Lazaro Cardenas,MX,2022-04-09 18:53:14,17.9583,-102.2,85.6,47,100,10.94,overcast clouds
664,Chimbote,PE,2022-04-09 18:53:14,-9.0853,-78.5783,74.21,70,88,10.16,overcast clouds
665,Erzin,TR,2022-04-09 18:53:15,36.9559,36.2,58.17,91,14,2.1,few clouds
666,Bandarbeyla,SO,2022-04-09 18:53:16,9.4942,50.8122,80.62,79,100,7.83,overcast clouds
667,Atasu,KZ,2022-04-09 18:53:17,48.6814,71.6433,44.08,68,100,9.78,overcast clouds
668,Hashtrud,IR,2022-04-09 18:53:17,37.4779,47.0508,45.61,80,23,7.94,few clouds
669,Maragogi,BR,2022-04-09 18:53:18,-9.0122,-35.2225,81.45,80,100,10.58,overcast clouds
670,Roma,US,2022-04-09 18:53:18,43.2128,-75.4557,49.57,67,100,15.99,overcast clouds
671,Abnub,EG,2022-04-09 18:53:19,27.2696,31.1511,77.22,19,5,10.69,clear sky
672,Fria,GN,2022-04-09 18:53:19,10.4167,-13.5833,82.22,51,10,9.86,clear sky
673,Bud,US,2022-04-09 18:51:56,39.447,-86.1758,42.89,65,100,14.14,overcast clouds
674,Baie-Comeau,CA,2022-04-09 18:52:32,49.2168,-68.1489,40.68,81,40,9.22,scattered clouds
675,Ozinki,RU,2022-04-09 18:53:20,51.1786,49.6769,46.0,94,100,3.69,overcast clouds
676,South Venice,US,2022-04-09 18:53:21,27.0531,-82.4243,75.97,43,0,14.97,haze
677,Margate,GB,2022-04-09 18:53:21,51.3813,1.3862,48.31,54,82,1.99,broken clouds
678,Veinticinco De Mayo,AR,2022-04-09 18:53:22,-35.4323,-60.1727,77.99,56,0,1.99,clear sky
679,Lincoln,US,2022-04-09 18:48:40,40.8,-96.667,64.15,23,0,17.27,clear sky
680,Rockland,US,2022-04-09 18:53:22,41.1668,-74.0496,54.68,68,65,4.0,broken clouds
681,Lakes Entrance,AU,2022-04-09 18:53:23,-37.8811,147.981,56.16,80,79,3.96,broken clouds
682,Hobyo,SO,2022-04-09 18:54:23,5.3505,48.5268,82.44,76,35,14.32,scattered clouds
683,Mumford,GH,2022-04-09 18:54:24,5.2618,-0.759,82.47,81,100,3.87,overcast clouds
684,Hanyang,CN,2022-04-09 18:54:24,32.1371,105.5126,61.61,78,0,0.58,clear sky
685,Farafangana,MG,2022-04-09 18:54:25,-22.8167,47.8333,74.55,86,12,7.02,light rain
686,Denpasar,ID,2022-04-09 18:54:25,-8.65,115.2167,76.71,94,20,1.14,few clouds
687,Dubbo,AU,2022-04-09 18:54:25,-32.25,148.6167,60.93,94,40,10.36,scattered clouds
688,Caravelas,BR,2022-04-09 18:54:26,-17.7125,-39.2481,83.01,67,52,6.64,broken clouds
689,Along,IN,2022-04-09 18:54:26,28.1667,94.7667,64.69,96,89,1.54,overcast clouds
690,Dodola,ET,2022-04-09 18:54:27,6.9833,39.1833,55.47,78,20,5.14,few clouds
691,Baykit,RU,2022-04-09 18:54:27,61.67,96.37,11.8,96,76,2.86,broken clouds
692,Gunjur,GM,2022-04-09 18:54:28,13.2019,-16.7339,87.87,40,0,10.36,clear sky
